id,postid,userid
bed7ef0f-8248-4f59-bad0-7421a6c4c4be,79182712-df40-402f-9300-2ad588f71e10,a5c17d8e-2af0-4cb2-80ab-76e08ff9de8f
e05d71c8-19a9-4bf9-9640-397fa0d4698a,79182712-df40-402f-9300-2ad588f71e10,3cca474a-8d28-4f25-b1bf-abf8d9de5f47
a011709b-7db0-4590-9580-b5a5a50a6f01,49f3823d-1e3b-4d39-811c-df61299bd5fe,ce5045c9-1314-4ee6-9e69-cde077693799
af450348-9f28-4785-a863-78a8b1c4d113,79182712-df40-402f-9300-2ad588f71e10,3cca474a-8d28-4f25-b1bf-abf8d9de5f47
54b768f2-fcd4-4ad1-b1c9-a1b6944cbde8,6534bfe4-c908-4707-9110-a16c5bafdedc,a5c17d8e-2af0-4cb2-80ab-76e08ff9de8f
8a90f220-98cb-4cfa-85aa-4d5f2f61df0e,49f3823d-1e3b-4d39-811c-df61299bd5fe,a5c17d8e-2af0-4cb2-80ab-76e08ff9de8f
a02ac046-f630-454c-ac07-c958104815d6,251c9218-4b38-496c-9f47-431d7de0c722,ce5045c9-1314-4ee6-9e69-cde077693799
a6f1d41f-2245-45bf-b907-936f4117ddf3,251c9218-4b38-496c-9f47-431d7de0c722,ce5045c9-1314-4ee6-9e69-cde077693799
e05c3f0d-61f4-4e1d-af97-dc5b2ee2c1b3,49f3823d-1e3b-4d39-811c-df61299bd5fe,ce5045c9-1314-4ee6-9e69-cde077693799
1c7bed69-ebee-498c-a865-a9a9fad0dd1b,49f3823d-1e3b-4d39-811c-df61299bd5fe,a5c17d8e-2af0-4cb2-80ab-76e08ff9de8f
5b6a3430-52a3-44a1-8a09-f46a1b842b10,251c9218-4b38-496c-9f47-431d7de0c722,aca0d51d-ee4b-4fd8-b420-55e50a5a9397
4ab4d537-58c8-44b4-8fe8-3de07cd3cee2,8affbd0c-a1f9-4382-9824-4fa376fb6286,aca0d51d-ee4b-4fd8-b420-55e50a5a9397
8c1e2b1c-84f4-4b2b-8610-1b8bfed8509a,79182712-df40-402f-9300-2ad588f71e10,ce5045c9-1314-4ee6-9e69-cde077693799
af07ddad-ca40-446e-822b-9693f7aa8c17,6534bfe4-c908-4707-9110-a16c5bafdedc,0b9712c5-9c91-4775-82b9-cd7a4ea9c119
74481d9f-5007-4816-b3fc-3f35755f3d73,8affbd0c-a1f9-4382-9824-4fa376fb6286,a5c17d8e-2af0-4cb2-80ab-76e08ff9de8f
f34314c5-8120-451d-bc7b-22a48c5582e9,251c9218-4b38-496c-9f47-431d7de0c722,3cca474a-8d28-4f25-b1bf-abf8d9de5f47
979b19d4-85e8-4e95-9627-f8097b78fcf4,6534bfe4-c908-4707-9110-a16c5bafdedc,ce5045c9-1314-4ee6-9e69-cde077693799
b145897a-dc86-4a92-8f56-84e732d58292,6534bfe4-c908-4707-9110-a16c5bafdedc,a5c17d8e-2af0-4cb2-80ab-76e08ff9de8f
eb6ab321-0de5-467c-8f3f-4991dfa2fa64,8affbd0c-a1f9-4382-9824-4fa376fb6286,0b9712c5-9c91-4775-82b9-cd7a4ea9c119
824d7a4e-8ee7-4cc8-999a-e866803c3537,8affbd0c-a1f9-4382-9824-4fa376fb6286,a5c17d8e-2af0-4cb2-80ab-76e08ff9de8f
890efb2b-b438-4d5c-b714-17619457a120,6534bfe4-c908-4707-9110-a16c5bafdedc,0b9712c5-9c91-4775-82b9-cd7a4ea9c119
5af6dacf-5d08-4703-b668-304654bf2609,49f3823d-1e3b-4d39-811c-df61299bd5fe,a5c17d8e-2af0-4cb2-80ab-76e08ff9de8f
d384bd97-3ce5-4637-b56f-fadf7e457966,6534bfe4-c908-4707-9110-a16c5bafdedc,ce5045c9-1314-4ee6-9e69-cde077693799
ec8bd991-f437-4c8a-8af6-af9e35e18aa4,6534bfe4-c908-4707-9110-a16c5bafdedc,3cca474a-8d28-4f25-b1bf-abf8d9de5f47
2cb8bc69-965d-499d-8020-c58a831eed51,6534bfe4-c908-4707-9110-a16c5bafdedc,3cca474a-8d28-4f25-b1bf-abf8d9de5f47
a526d5e1-607b-4765-87d1-ff1b90c0eade,8affbd0c-a1f9-4382-9824-4fa376fb6286,0b9712c5-9c91-4775-82b9-cd7a4ea9c119
df772d10-6b62-4af7-938f-6e4826ec3272,49f3823d-1e3b-4d39-811c-df61299bd5fe,0b9712c5-9c91-4775-82b9-cd7a4ea9c119
50ea58ff-f937-4884-bc21-71ab2a74a52e,49f3823d-1e3b-4d39-811c-df61299bd5fe,a5c17d8e-2af0-4cb2-80ab-76e08ff9de8f
66cafeb8-7fbc-40f0-b3c0-83b525d7ad90,49f3823d-1e3b-4d39-811c-df61299bd5fe,3cca474a-8d28-4f25-b1bf-abf8d9de5f47
e7111e85-309e-42f8-bfeb-650240e746c2,49f3823d-1e3b-4d39-811c-df61299bd5fe,3cca474a-8d28-4f25-b1bf-abf8d9de5f47